"행정구역(시군구)별","이동규모별",2016,2016,2016,2017,2017,2017,2018,2018,2018,2019,2019,2019,2020,2020,2020,2021,2021,2021,2022,2022,2022
"행정구역(시군구)별","이동규모별",총전입 (건),총전출 (건),순이동 (건),총전입 (건),총전출 (건),순이동 (건),총전입 (건),총전출 (건),순이동 (건),총전입 (건),총전출 (건),순이동 (건),총전입 (건),총전출 (건),순이동 (건),총전입 (건),총전출 (건),순이동 (건),총전입 (건),총전출 (건),순이동 (건)
"전국","계",4636367,4636367,0,4569922,4569922,0,4728313,4728313,0,4733922,4733922,0,5183403,5183403,0,5004115,5004115,0,4412470,4412470,0
"서울특별시","계",958536,1008507,-49971,948896,977222,-28326,965717,988935,-23218,974176,970308,3868,1076183,1082959,-6776,999614,1037104,-37490,888184,879362,8822
"종로구","계",16221,17533,-1312,18110,17040,1070,16313,17164,-851,16132,16703,-571,17451,17955,-504,16537,17600,-1063,14821,15135,-314
"중구","계",14058,14197,-139,14065,13574,491,14691,14190,501,14558,13525,1033,15545,15304,241,15372,15295,77,13435,13163,272
"용산구","계",22836,24317,-1481,23915,23356,559,25327,24660,667,24363,23783,580,27905,26364,1541,26270,26950,-680,23022,22488,534
"성동구","계",29942,28790,1152,32208,28883,3325,33711,30946,2765,28216,31134,-2918,31415,34272,-2857,28581,31166,-2585,25726,26742,-1016
"광진구","계",37175,38582,-1407,37890,36866,1024,38519,38647,-128,38132,38475,-343,41336,41642,-306,39267,40380,-1113,35413,34803,610
"동대문구","계",33532,36200,-2668,32813,34810,-1997,37179,38040,-861,36543,36608,-65,39979,40110,-131,37574,37504,70,34220,32682,1538
"중랑구","계",37597,39358,-1761,36009,37527,-1518,35991,37773,-1782,34365,36956,-2591,40544,40852,-308,36955,39194,-2239,33556,32482,1074
"성북구","계",37314,42729,-5415,37404,41669,-4265,36983,40954,-3971,43008,39695,3313,42730,44857,-2127,40238,42286,-2048,37181,35902,1279
"강북구","계",27936,30133,-2197,27155,28514,-1359,27640,29852,-2212,26179,28514,-2335,29331,31752,-2421,26697,29983,-3286,23649,25133,-1484
"도봉구","계",26468,28733,-2265,25018,27515,-2497,24818,27458,-2640,23752,26727,-2975,26121,30433,-4312,24957,28436,-3479,20783,22815,-2032
"노원구","계",42676,45950,-3274,39336,45572,-6236,39148,43703,-4555,37151,42484,-5333,43101,47875,-4774,38857,43897,-5040,34589,36464,-1875
"은평구","계",44556,48819,-4263,42351,44778,-2427,43175,44615,-1440,45414,46100,-686,49797,48863,934,43128,44945,-1817,39213,40823,-1610
"서대문구","계",33509,33419,90,30988,31894,-906,30436,31495,-1059,31079,31212,-133,37473,35624,1849,31140,33046,-1906,31039,28781,2258
"마포구","계",41945,45513,-3568,39865,41273,-1408,42563,40392,2171,41767,40444,1323,47802,46846,956,45089,43985,1104,38510,37737,773
"양천구","계",36358,41062,-4704,31947,36274,-4327,32412,36402,-3990,31154,34444,-3290,38101,40536,-2435,34310,37429,-3119,29002,31611,-2609
"강서구","계",59822,55780,4042,60576,54394,6182,58316,57855,461,57488,56827,661,63718,65640,-1922,63584,62582,1002,54383,53352,1031
"구로구","계",35440,37977,-2537,33232,36786,-3554,35080,37507,-2427,36749,35414,1335,40812,41532,-720,35459,37984,-2525,33848,32428,1420
"금천구","계",22592,23492,-900,23222,23107,115,24108,23973,135,24645,23843,802,27674,26061,1613,27782,25603,2179,24631,23088,1543
"영등포구","계",41020,44376,-3356,42249,42136,113,43330,41093,2237,42935,40445,2490,54157,46195,7962,46082,43945,2137,41806,39398,2408
"동작구","계",42691,42619,72,40634,42793,-2159,44336,43331,1005,43527,42641,886,46392,47502,-1110,45918,47725,-1807,41127,41207,-80
"관악구","계",69318,68525,793,69968,68695,1273,75574,71346,4228,76482,73202,3280,81483,79600,1883,75949,76171,-222,75877,68934,6943
"서초구","계",42404,43192,-788,41208,43962,-2754,44496,47831,-3335,40583,41783,-1200,44123,47561,-3438,42963,48688,-5725,33993,36546,-2553
"강남구","계",59881,65817,-5936,57844,63524,-5680,58717,65442,-6725,60963,59416,1547,62129,65115,-2986,60663,63988,-3325,51268,52082,-814
"송파구","계",62994,64094,-1100,65698,63051,2647,64817,62407,2410,74326,68922,5404,69209,72459,-3250,67161,71221,-4060,59294,57548,1746
"강동구","계",40251,47300,-7049,45191,49229,-4038,38037,41859,-3822,44665,41011,3654,57855,48009,9846,49081,47101,1980,37798,38018,-220
"부산광역시","계",291892,306614,-14722,289720,306145,-16425,277147,297803,-20656,280809,298400,-17591,328364,340566,-12202,312025,326656,-14631,276635,288383,-11748
"중  구","계",4691,4952,-261,4638,4927,-289,4283,4951,-668,4684,4836,-152,5396,5165,231,5808,5340,468,4818,4914,-96
"서  구","계",9273,10946,-1673,9079,10523,-1444,10231,10344,-113,8793,9929,-1136,10924,11203,-279,10119,11096,-977,9781,9641,140
"동  구","계",7479,8682,-1203,8283,8706,-423,7819,8695,-876,9237,8423,814,10273,9625,648,9863,9794,69,8434,8416,18
"영도구","계",8197,9917,-1720,7934,9526,-1592,7296,9265,-1969,6849,8766,-1917,7648,9273,-1625,9509,10285,-776,7310,8313,-1003
"부산진구","계",34834,37377,-2543,36806,38688,-1882,32077,36933,-4856,34478,36212,-1734,42688,40349,2339,38106,40173,-2067,38586,35737,2849
"동래구","계",22903,24312,-1409,21500,23664,-2164,20356,23344,-2988,23385,22507,878,25489,26524,-1035,22674,24688,-2014,24671,22344,2327
"남  구","계",21441,24256,-2815,20163,23079,-2916,26935,25726,1209,23610,26725,-3115,25059,28342,-3283,22825,25536,-2711,21366,23879,-2513
"북  구","계",23325,24329,-1004,20369,24456,-4087,18509,22278,-3769,18873,22453,-3580,20260,24709,-4449,23762,24642,-880,17760,20140,-2380
"해운대구","계",33471,36052,-2581,30048,34474,-4426,30721,32930,-2209,31166,33798,-2632,37596,40820,-3224,34006,37212,-3206,27198,32472,-5274
"사하구","계",24477,26580,-2103,25843,26537,-694,22311,25222,-2911,22054,25741,-3687,23531,28233,-4702,25096,27590,-2494,21859,23718,-1859
"금정구","계",21790,22954,-1164,22338,22989,-651,21283,22353,-1070,19820,21894,-2074,22551,25907,-3356,22446,24428,-1982,18501,21587,-3086
"강서구","계",14283,8261,6022,13851,9828,4023,12320,10069,2251,13930,11069,2861,17146,13234,3912,15536,12316,3220,12269,11669,600
"연제구","계",17681,19640,-1959,19275,19666,-391,17909,17653,256,19191,18514,677,21502,21923,-421,19796,20519,-723,16670,18203,-1533
"수영구","계",19130,19235,-105,19940,19524,416,17945,19265,-1320,19266,19292,-26,23372,22531,841,21096,21355,-259,18951,18199,752
"사상구","계",15631,18303,-2672,16433,18284,-1851,14845,18057,-3212,14372,17402,-3030,15907,18566,-2659,16806,18452,-1646,14600,16401,-1801
"기장군","계",13286,10818,2468,13220,11274,1946,12307,10718,1589,11101,10839,262,19022,14162,4860,14577,13230,1347,13861,12750,1111
"대구광역시","계",201408,210247,-8839,200008,209854,-9846,205363,216174,-10811,203707,222001,-18294,230471,242817,-12346,208231,227675,-19444,185987,198864,-12877
"중  구","계",8743,9421,-678,8960,9471,-511,10544,10203,341,9552,10471,-919,11082,11283,-201,9866,10954,-1088,12714,9877,2837
"동  구","계",30215,29690,525,27633,28710,-1077,32875,32126,749,28574,31743,-3169,33506,34938,-1432,32972,33128,-156,27043,27661,-618
"서  구","계",14018,17892,-3874,13530,17819,-4289,14158,18407,-4249,14025,19114,-5089,14931,17278,-2347,12905,16055,-3150,10842,13415,-2573
"남  구","계",15423,17806,-2383,14903,16779,-1876,16309,17285,-976,16701,17879,-1178,18543,18672,-129,16578,17747,-1169,15426,15941,-515
"북  구","계",32664,34944,-2280,35610,35751,-141,33941,35520,-1579,34921,36893,-1972,42058,41168,890,39020,40635,-1615,33125,35713,-2588
"수성구","계",32261,36159,-3898,31705,36949,-5244,33317,38090,-4773,33756,38098,-4342,38638,42606,-3968,34017,39151,-5134,29639,33969,-4330
"달서구","계",41523,48435,-6912,40053,47985,-7932,43439,47111,-3672,45022,48827,-3805,49298,55348,-6050,40616,49100,-8484,38829,43995,-5166
"달성군","계",26561,15900,10661,27614,16390,11224,20780,17432,3348,21156,18976,2180,22415,21524,891,22257,20905,1352,18369,18293,76
"인천광역시","계",266125,262408,3717,254967,254487,480,270597,268561,2036,272124,272013,111,289203,298143,-8940,290820,285868,4952,267015,254052,12963
"중  구","계",13240,12546,694,13966,11711,2255,16525,13230,3295,22375,15088,7287,18921,16095,2826,20092,17316,2776,21172,15698,5474
"동  구","계",5220,5874,-654,4513,5154,-641,4718,6189,-1471,4159,5027,-868,4704,5522,-818,5626,5934,-308,5022,6146,-1124
"남  구","계",46410,41790,4620,41509,40197,1312,24251,24327,-76,0,0,0,0,0,0,0,0,0,0,0,0
"미추홀구","계",-,-,-,-,-,-,19445,20397,-952,39466,42820,-3354,44605,46068,-1463,46344,43697,2647,40726,40424,302
"연수구","계",31696,28043,3653,29251,27535,1716,31977,28257,3720,41068,32415,8653,46584,38757,7827,36530,36547,-17,29625,31789,-2164
"남동구","계",46405,47153,-748,47978,46222,1756,48605,48032,573,47095,49510,-2415,50073,53382,-3309,46750,49477,-2727,38418,43525,-5107
"부평구","계",46608,50067,-3459,43338,48537,-5199,40045,47478,-7433,40252,46878,-6626,41811,50446,-8635,44287,47405,-3118,42245,39720,2525
"계양구","계",24681,27290,-2609,23417,26829,-3412,21705,27039,-5334,21464,26432,-4968,23603,27405,-3802,27103,27590,-487,19313,22337,-3024
"서구","계",43709,42261,1448,42777,40946,1831,55326,45673,9653,48241,46022,2219,50339,52079,-1740,55297,49796,5501,62349,47281,15068
"강화군","계",5020,4720,300,5303,4672,631,5455,5116,339,5358,4991,367,5816,5708,108,6115,5467,648,5298,4746,552
"옹진군","계",3136,2664,472,2915,2684,231,2545,2823,-278,2646,2830,-184,2747,2681,66,2676,2639,37,2847,2386,461
"광주광역시","계",137762,143458,-5696,135696,142374,-6678,145539,150004,-4465,147871,151361,-3490,155111,160011,-4900,150298,154765,-4467,131466,138456,-6990
"동  구","계",10578,12366,-1788,10944,11534,-590,11902,12749,-847,14633,12935,1698,14798,12782,2016,13983,13437,546,13580,12210,1370
"서  구","계",32355,31215,1140,29134,30938,-1804,31243,32599,-1356,30702,32327,-1625,31665,33977,-2312,30678,33335,-2657,27538,29868,-2330
"남  구","계",19872,21570,-1698,19681,21272,-1591,20444,22136,-1692,22908,23046,-138,20548,23181,-2633,23188,23129,59,18093,19992,-1899
"북  구","계",39058,43054,-3996,40449,42971,-2522,45364,46010,-646,42459,45807,-3348,46590,48699,-2109,44406,45730,-1324,39792,41767,-1975
"광산구","계",35899,35253,646,35488,35659,-171,36586,36510,76,37169,37246,-77,41510,41372,138,38043,39134,-1091,32463,34619,-2156
"대전광역시","계",141970,146012,-4042,139671,145333,-5662,144358,150155,-5797,147608,155417,-7809,162369,167669,-5300,153401,157349,-3948,146037,147626,-1589
"동  구","계",20665,23358,-2693,20254,22269,-2015,23043,23631,-588,22740,23860,-1120,23961,25930,-1969,24336,23884,452,22352,22912,-560
"중  구","계",20756,22978,-2222,20857,22608,-1751,21764,23944,-2180,21894,23805,-1911,23280,25934,-2654,21462,23874,-2412,20567,22253,-1686
"서  구","계",48479,49163,-684,46954,48392,-1438,48522,49938,-1416,50952,53018,-2066,54879,56195,-1316,51591,53331,-1740,49045,50094,-1049
"유성구","계",38119,34073,4046,37782,34954,2828,37732,36566,1166,38868,38509,359,42724,41271,1453,40263,39922,341,40017,37087,2930
"대덕구","계",13951,16440,-2489,13824,17110,-3286,13297,16076,-2779,13154,16225,-3071,17525,18339,-814,15749,16338,-589,14056,15280,-1224
"울산광역시","계",94055,99032,-4977,86898,95085,-8187,84502,93944,-9442,92137,99987,-7850,93203,103078,-9875,91538,101150,-9612,78743,86279,-7536
"중구","계",17833,19844,-2011,17079,19994,-2915,14517,18913,-4396,15872,20478,-4606,16229,20397,-4168,16625,19505,-2880,13038,16114,-3076
"남구","계",29108,31427,-2319,26802,30036,-3234,26665,29942,-3277,27547,31751,-4204,32017,35179,-3162,29246,33277,-4031,26451,28554,-2103
"동구","계",17206,18403,-1197,12371,15798,-3427,11137,14509,-3372,10637,13691,-3054,11553,13615,-2062,11078,12878,-1800,9864,11344,-1480
"북구","계",14637,13538,1099,15016,13771,1245,15798,14329,1469,20556,16657,3899,16600,16734,-134,17086,18044,-958,13799,14489,-690
"울주군","계",15271,15820,-549,15630,15486,144,16385,16251,134,17525,17410,115,16804,17153,-349,17503,17446,57,15591,15778,-187
"세종특별자치시","계",37195,22224,14971,44343,28286,16057,48376,32603,15773,47867,35851,12016,47898,40724,7174,47960,40179,7781,41862,36799,5063
"세종특별자치시","계",37195,22224,14971,44343,28286,16057,48376,32603,15773,47867,35851,12016,47898,40724,7174,47960,40179,7781,41862,36799,5063
"경기도","계",1160389,1090468,69921,1139399,1079635,59764,1234024,1148358,85666,1224125,1148144,75981,1358883,1256953,101930,1336640,1242161,94479,1126047,1101871,24176
"수원시","계",109190,104260,4930,111590,106146,5444,120165,118995,1170,114932,117137,-2205,117042,119595,-2553,125529,122747,2782,115246,108914,6332
"성남시","계",101122,100310,812,95835,99130,-3295,88262,93253,-4991,83960,88868,-4908,98161,98432,-271,93186,96490,-3304,79028,82601,-3573
"의정부시","계",39265,38239,1026,39592,39272,320,40814,39005,1809,40740,38966,1774,48907,43822,5085,43360,41247,2113,39398,38754,644
"안양시","계",53166,55021,-1855,48916,54381,-5465,45674,51222,-5548,45327,50718,-5391,49036,58291,-9255,53276,54212,-936,43904,43380,524
"부천시","계",73810,75142,-1332,69311,71736,-2425,69901,74625,-4724,60181,67746,-7565,63427,69456,-6029,59124,65304,-6180,48764,57444,-8680
"광명시","계",24837,27671,-2834,25404,28293,-2889,27331,29857,-2526,24455,29554,-5099,27920,37245,-9325,24288,27148,-2860,20228,23010,-2782
"평택시","계",47674,42332,5342,49263,43215,6048,55301,47541,7760,59953,50681,9272,69000,54350,14650,79098,60274,18824,68887,58494,10393
"동두천시","계",9969,9872,97,8585,9080,-495,8541,8788,-247,8028,8684,-656,9073,8939,134,9677,9354,323,7386,7983,-597
"안산시","계",59190,64784,-5594,52697,59808,-7111,55714,64128,-8414,57999,63155,-5156,72245,70849,1396,63446,63862,-416,52000,57992,-5992
"고양시","계",92017,87301,4716,83761,84105,-344,87071,87480,-409,99634,90048,9586,104912,98609,6303,97858,96313,1545,87602,87878,-276
"과천시","계",5857,8118,-2261,4476,7679,-3203,5108,5043,65,4666,4588,78,7441,5756,1685,10664,6606,4058,8445,6752,1693
"구리시","계",18856,16692,2164,17562,15621,1941,18169,17250,919,15109,17001,-1892,18471,19320,-849,16185,18729,-2544,13119,14411,-1292
"남양주시","계",47576,45853,1723,44943,44814,129,53544,49355,4189,56258,48889,7369,56537,52284,4253,64195,54810,9385,49830,48260,1570
"오산시","계",18430,17363,1067,20218,17943,2275,23791,20122,3669,24696,20505,4191,24273,21526,2747,23002,21680,1322,19704,19292,412
"시흥시","계",34883,33993,890,40574,34430,6144,49295,37541,11754,51994,40735,11259,59308,46423,12885,50115,44483,5632,42266,41908,358
"군포시","계",21121,22733,-1612,19610,21395,-1785,21398,23190,-1792,22646,22681,-35,24078,24522,-444,21621,23428,-1807,18860,19428,-568
"하남시","계",38197,20661,17536,27772,19256,8516,34524,24240,10284,33828,24151,9677,40538,27500,13038,41602,30351,11251,27830,26177,1653
"의왕시","계",12271,12769,-498,11191,12239,-1048,10114,11576,-1462,15784,13582,2202,17305,16713,592,12970,13560,-590,9396,11342,-1946
"용인시","계",85864,79433,6431,82458,78826,3632,99156,86668,12488,97805,85954,11851,102310,95089,7221,99050,96182,2868,79507,80299,-792
"파주시","계",36452,33786,2666,36798,33618,3180,43104,37205,5899,36793,35880,913,45336,40319,5017,50852,40369,10483,44488,38234,6254
"이천시","계",20686,18389,2297,20062,18429,1633,20204,19149,1055,22061,20571,1490,23497,20933,2564,27110,22858,4252,21454,21078,376
"안성시","계",18582,17240,1342,15524,15213,311,18541,17651,890,17892,17608,284,20222,17274,2948,20898,18387,2511,17207,16969,238
"김포시","계",32905,28064,4841,42598,30955,11643,46438,33338,13100,38820,32422,6398,60095,43326,16769,45928,39316,6612,36215,36452,-237
"화성시","계",69594,49138,20456,75251,51337,23914,95289,63802,31487,97217,70089,27128,97870,74691,23179,98443,79757,18686,82120,68205,13915
"광주시","계",30932,25045,5887,32922,25608,7314,35066,27519,7547,32379,28726,3653,35161,30792,4369,36485,33620,2865,31720,30318,1402
"양주시","계",15765,16303,-538,19890,16831,3059,19799,17430,2369,20494,17931,2563,22881,19392,3489,21870,18751,3119,20679,17045,3634
"포천시","계",12086,12511,-425,12095,12950,-855,12704,13622,-918,11746,12752,-1006,12935,12755,180,14788,12711,2077,11286,11982,-696
"여주시","계",9533,9110,423,9544,9012,532,9128,9152,-24,9116,9291,-175,9763,9141,622,10111,9574,537,9840,9002,838
"양주군","계",0,0,0,0,0,0,0,0,0,0,0,0,0,0,0,0,0,0,0,0,0
"화성군","계",0,0,0,0,0,0,0,0,0,0,0,0,0,0,0,0,0,0,0,0,0
"파주군","계",0,0,0,0,0,0,0,0,0,0,0,0,0,0,0,0,0,0,0,0,0
"광주군","계",0,0,0,0,0,0,0,0,0,0,0,0,0,0,0,0,0,0,0,0,0
"연천군","계",4225,4039,186,3818,4029,-211,3753,4062,-309,3692,3863,-171,3899,3841,58,3819,3949,-130,3517,3492,25
"포천군","계",0,0,0,0,0,0,0,0,0,0,0,0,0,0,0,0,0,0,0,0,0
"가평군","계",5457,5062,395,5408,4887,521,5547,5341,206,5212,5371,-159,5582,5353,229,5689,5363,326,5041,4671,370
"양평군","계",10877,9234,1643,11731,9397,2334,10578,10208,370,10708,9997,711,11658,10415,1243,12401,10726,1675,11080,10104,976
"이천군","계",0,0,0,0,0,0,0,0,0,0,0,0,0,0,0,0,0,0,0,0,0
"용인군","계",0,0,0,0,0,0,0,0,0,0,0,0,0,0,0,0,0,0,0,0,0
"안성군","계",0,0,0,0,0,0,0,0,0,0,0,0,0,0,0,0,0,0,0,0,0
"김포군","계",0,0,0,0,0,0,0,0,0,0,0,0,0,0,0,0,0,0,0,0,0
"강원특별자치도","계",149256,149496,-240,145401,144458,943,146282,151059,-4777,148032,148714,-682,154154,152224,1930,155088,152066,3022,140433,135986,4447
"춘천시","계",28960,27565,1395,26872,26978,-106,28028,28197,-169,27844,27709,135,30389,29635,754,31803,29687,2116,29632,27511,2121
"원주시","계",36636,34099,2537,33683,31820,1863,34857,33632,1225,39045,36532,2513,39603,37070,2533,39144,36616,2528,36432,33906,2526
"강릉시","계",19916,20624,-708,19721,19576,145,21204,21824,-620,21601,21054,547,21895,21782,113,22448,21869,579,18493,18804,-311
"동해시","계",7182,7707,-525,7505,7804,-299,7217,8249,-1032,7379,7802,-423,8573,8547,26,8043,8254,-211,7126,7284,-158
"태백시","계",4485,4753,-268,3473,4314,-841,3573,4229,-656,3452,4062,-610,3221,3966,-745,2873,3713,-840,2789,3366,-577
"속초시","계",9579,9659,-80,10286,9709,577,8746,9267,-521,8657,8641,16,9763,9249,514,9525,9094,431,8339,8172,167
"삼척시","계",6473,7403,-930,6192,6780,-588,7632,7761,-129,5860,6557,-697,5440,6716,-1276,5434,6217,-783,6198,5800,398
"홍천군","계",5069,5109,-40,5324,4966,358,4985,5062,-77,4950,5126,-176,5778,5097,681,5359,5437,-78,5024,5008,16
"횡성군","계",3709,3493,216,3807,3486,321,3957,3629,328,3718,3653,65,3754,3632,122,3869,3672,197,3452,3096,356
"영월군","계",3556,3572,-16,3781,3548,233,3695,3788,-93,3103,3449,-346,3207,3398,-191,3200,3369,-169,2779,2675,104
"평창군","계",3102,3190,-88,3057,3056,1,3088,3341,-253,3056,3214,-158,3185,3338,-153,3199,3355,-156,3200,2861,339
"정선군","계",2848,3156,-308,2777,2968,-191,2949,3124,-175,2941,3068,-127,2787,2902,-115,2641,2960,-319,2433,2637,-204
"철원군","계",3534,4095,-561,3544,4003,-459,3584,3955,-371,3467,3998,-531,3169,3793,-624,3077,3775,-698,2730,3172,-442
"화천군","계",2837,3395,-558,3019,3126,-107,2411,2974,-563,2724,2768,-44,2703,2526,177,2543,2872,-329,2019,2457,-438
"양구군","계",2408,2398,10,2422,2486,-64,2214,2516,-302,2125,2513,-388,2202,2324,-122,1989,2291,-302,1618,1753,-135
"인제군","계",2756,3091,-335,3065,3103,-38,2871,3043,-172,2970,3115,-145,3252,3060,192,4018,3433,585,3076,2829,247
"고성군","계",3781,3670,111,4204,4118,86,2581,3913,-1332,2312,2937,-625,2417,2655,-238,3176,2816,360,2561,2350,211
"양양군","계",2425,2517,-92,2669,2617,52,2690,2555,135,2828,2516,312,2816,2534,282,2747,2636,111,2532,2305,227
"충청북도","계",135502,132905,2597,133816,132244,1572,144721,141670,3051,144137,143426,711,160180,159139,1041,156754,155310,1444,140787,136579,4208
"청주시","계",70489,70700,-211,68749,69380,-631,75542,74981,561,75267,75325,-58,91450,88778,2672,88259,85358,2901,78156,75689,2467
"충주시","계",18473,18501,-28,17772,17893,-121,21037,19813,1224,21128,21031,97,20650,20974,-324,21150,21185,-35,18491,18535,-44
"제천시","계",12554,12352,202,12607,12710,-103,12060,12976,-916,12490,12832,-342,11694,12629,-935,11983,12425,-442,11941,11461,480
"보은군","계",2340,2324,16,2315,2284,31,2256,2375,-119,2094,2384,-290,2350,2489,-139,2285,2430,-145,2074,2003,71
"옥천군","계",3038,3154,-116,3050,3301,-251,3217,3368,-151,3077,3226,-149,3180,3453,-273,3427,3490,-63,2861,2851,10
"영동군","계",4520,4378,142,4249,4253,-4,4012,4202,-190,3656,4159,-503,3570,4280,-710,3099,3972,-873,3174,3285,-111
"증평군","계",2910,2594,316,2915,2571,344,2723,2810,-87,3028,2894,134,3171,3334,-163,3095,3242,-147,3383,2701,682
"진천군","계",6254,5402,852,7509,5532,1977,8711,6466,2245,8404,6786,1618,8906,7359,1547,8765,7462,1303,7809,6788,1021
"괴산군","계",3873,3499,374,4004,3612,392,4002,3645,357,4283,4025,258,5046,4624,422,4345,4964,-619,3072,3677,-605
"음성군","계",9023,7900,1123,8558,8624,-66,8791,8888,-97,8697,8577,120,8271,9043,-772,8480,8642,-162,8062,7718,344
"단양군","계",2028,2101,-73,2088,2084,4,2370,2146,224,2013,2187,-174,1892,2176,-284,1866,2140,-274,1764,1871,-107
"충청남도","계",188724,180233,8491,190531,179210,11321,196651,190748,5903,184528,184415,113,205653,204770,883,205983,200175,5808,191535,181484,10051
"천안시","계",63851,58189,5662,65595,58468,7127,71031,63964,7067,66142,62453,3689,76218,71674,4544,70098,69029,1069,65661,64199,1462
"공주시","계",8958,9697,-739,9573,10205,-632,10486,10858,-372,9440,9964,-524,9649,10858,-1209,9841,10006,-165,9722,9220,502
"보령시","계",8339,8826,-487,9113,9396,-283,8045,8624,-579,8624,8962,-338,9699,10084,-385,8749,9427,-678,8182,8386,-204
"아산시","계",28566,26499,2067,31602,27056,4546,28705,27302,1403,27825,26667,1158,32392,30970,1422,36768,30961,5807,34514,29018,5496
"서산시","계",14508,14245,263,14470,14048,422,17990,16562,1428,15321,15081,240,16320,15583,737,17830,16971,859,14774,14530,244
"논산시","계",9391,10203,-812,9296,10065,-769,8748,9869,-1121,9199,9916,-717,9356,10547,-1191,9195,9814,-619,8371,8759,-388
"계룡시","계",4234,4119,115,4711,4405,306,4092,4438,-346,4295,4721,-426,4946,5136,-190,5140,4972,168,5087,4586,501
"당진시","계",16315,15495,820,14909,14279,630,15473,15234,239,13650,13975,-325,15117,15306,-189,16968,15897,1071,15284,13888,1396
"금산군","계",3753,3864,-111,3464,3817,-353,3606,3950,-344,3427,3876,-449,3693,4078,-385,3595,3822,-227,3557,3391,166
"연기군","계",0,0,0,0,0,0,0,0,0,0,0,0,0,0,0,0,0,0,0,0,0
"논산군","계",0,0,0,0,0,0,0,0,0,0,0,0,0,0,0,0,0,0,0,0,0
"부여군","계",4438,4864,-426,4192,4636,-444,4500,4921,-421,3950,4697,-747,4161,4837,-676,4007,4445,-438,3651,4004,-353
"서천군","계",3382,3710,-328,3065,3426,-361,3064,3670,-606,3021,3496,-475,3466,3907,-441,3416,3781,-365,3133,3152,-19
"청양군","계",2764,2270,494,2788,2439,349,2843,2944,-101,2552,2766,-214,2456,2779,-323,2425,2472,-47,2403,2186,217
"홍성군","계",10261,7698,2563,8142,7270,872,7755,7870,-115,7452,7606,-154,7792,7998,-206,7539,7725,-186,6926,6926,0
"예산군","계",4865,5876,-1011,4764,5155,-391,5438,5478,-40,5029,5512,-483,5558,6023,-465,5458,5806,-348,5751,5109,642
"태안군","계",5099,4678,421,4847,4545,302,4875,5064,-189,4601,4723,-122,4830,4990,-160,4954,5047,-93,4519,4130,389
"당진군","계",0,0,0,0,0,0,0,0,0,0,0,0,0,0,0,0,0,0,0,0,0
"전라북도","계",163737,169712,-5975,157626,164564,-6938,162415,174991,-12576,157601,169758,-12157,172515,181252,-8737,163853,170269,-6416,147929,153484,-5555
"전주시","계",60379,63527,-3148,55850,59514,-3664,64341,65429,-1088,64690,64777,-87,70802,70570,232,67340,67636,-296,58654,62453,-3799
"군산시","계",25071,26377,-1306,22226,24302,-2076,25015,26637,-1622,23477,25105,-1628,27047,28352,-1305,25076,25952,-876,21922,23121,-1199
"익산시","계",24532,25877,-1345,28000,27336,664,24023,27988,-3965,23370,27293,-3923,25012,28313,-3301,25510,27553,-2043,22070,24204,-2134
"정읍시","계",8523,8995,-472,9289,10071,-782,8504,9405,-901,8489,9475,-986,9250,10255,-1005,8179,8838,-659,7966,8251,-285
"남원시","계",6536,6911,-375,6183,6651,-468,6542,6897,-355,6416,7042,-626,7442,7648,-206,6389,6829,-440,5864,6350,-486
"김제시","계",7098,7765,-667,6769,7163,-394,6629,7302,-673,6332,6970,-638,6876,7403,-527,7061,7432,-371,7002,5770,1232
"완주군","계",8306,8273,33,7802,7742,60,7666,8401,-735,7173,8225,-1052,8589,8549,40,7858,7855,3,8527,7442,1085
"진안군","계",1971,1969,2,2187,1876,311,2021,2128,-107,1976,2002,-26,2024,2092,-68,1915,1945,-30,1721,1778,-57
"무주군","계",1544,1650,-106,1593,1593,0,1732,1711,21,1576,1631,-55,1727,1775,-48,1635,1642,-7,1488,1382,106
"장수군","계",1987,1592,395,1466,1848,-382,2183,1768,415,1622,2123,-501,1528,1720,-192,1414,1559,-145,1294,1353,-59
"임실군","계",3132,3010,122,3115,3053,62,3410,3236,174,2935,3500,-565,2258,3215,-957,2129,2323,-194,2244,2100,144
"순창군","계",2774,2990,-216,2502,2623,-121,2397,2703,-306,2070,2513,-443,2233,2515,-282,1878,2317,-439,2108,1906,202
"고창군","계",6569,5921,648,6184,5944,240,3978,6445,-2467,3713,4656,-943,3820,4298,-478,3817,4241,-424,3571,3784,-213
"부안군","계",5315,4855,460,4460,4848,-388,3974,4941,-967,3762,4446,-684,3907,4547,-640,3652,4147,-495,3498,3590,-92
"전라남도","계",159063,165308,-6245,158053,162806,-4753,159766,168019,-8253,163017,170704,-7687,173799,184126,-10327,165120,171589,-6469,145329,146925,-1596
"목포시","계",23917,25071,-1154,21831,24211,-2380,22680,24121,-1441,21313,23146,-1833,24199,27571,-3372,22453,25446,-2993,20168,20788,-620
"여수시","계",23755,25235,-1480,22728,24895,-2167,21929,23942,-2013,26253,26355,-102,26809,28442,-1633,24952,26681,-1729,22741,23480,-739
"순천시","계",23824,25078,-1254,24887,25187,-300,25153,25932,-779,26636,27414,-778,30154,28715,1439,25831,26242,-411,22408,24284,-1876
"나주시","계",13472,10740,2732,13702,10754,2948,13838,12054,1784,12572,12005,567,12800,12262,538,12849,11849,1000,11146,10906,240
"여천시","계",0,0,0,0,0,0,0,0,0,0,0,0,0,0,0,0,0,0,0,0,0
"광양시","계",13634,12556,1078,13470,13466,4,14273,13867,406,15849,15540,309,13513,17460,-3947,13266,14524,-1258,12192,10869,1323
"담양군","계",3937,3800,137,4204,4087,117,4298,4437,-139,4214,4262,-48,4150,4449,-299,4352,4416,-64,3653,3642,11
"곡성군","계",2236,2370,-134,2415,2432,-17,2393,2595,-202,2192,2570,-378,2130,2597,-467,2274,2443,-169,2023,1997,26
"구례군","계",2408,2205,203,2612,2411,201,2631,2712,-81,2348,2629,-281,2242,2763,-521,2119,2266,-147,1857,2097,-240
"여천군","계",0,0,0,0,0,0,0,0,0,0,0,0,0,0,0,0,0,0,0,0,0
"고흥군","계",3892,4192,-300,3967,4142,-175,4281,4570,-289,4304,4524,-220,4485,4765,-280,4204,4388,-184,4058,3861,197
"보성군","계",2910,3264,-354,2748,3121,-373,2972,3405,-433,2587,3355,-768,2883,3305,-422,2651,2974,-323,2328,2559,-231
"화순군","계",4644,5000,-356,4614,4927,-313,5011,5314,-303,4511,5297,-786,5099,5100,-1,5133,4883,250,4340,4329,11
"장흥군","계",2910,4946,-2036,3145,3266,-121,2991,3539,-548,2622,3042,-420,2723,3117,-394,2370,2974,-604,2154,2370,-216
"강진군","계",2457,3078,-621,2393,2808,-415,2497,2880,-383,2377,2850,-473,2564,2902,-338,2469,2661,-192,2125,2160,-35
"해남군","계",4663,5317,-654,4221,5139,-918,4222,5159,-937,4445,5197,-752,4327,5102,-775,4360,4838,-478,3808,4144,-336
"영암군","계",4468,5060,-592,4199,4975,-776,4161,4676,-515,4614,4616,-2,4541,4821,-280,4965,4958,7,4278,4102,176
"무안군","계",6904,7063,-159,7624,7021,603,6745,7394,-649,6577,7027,-450,11063,8611,2452,11730,8567,3163,7821,7860,-39
"함평군","계",2499,2668,-169,2861,2781,80,2628,3089,-461,2503,2736,-233,2316,2725,-409,2453,2660,-207,2125,2123,2
"영광군","계",3945,4335,-390,3833,4304,-471,4030,4369,-339,4270,4364,-94,3903,4427,-524,3848,4375,-527,4218,3569,649
"장성군","계",3843,3960,-117,4042,3850,192,4293,4352,-59,4798,4563,235,4291,5009,-718,4267,4591,-324,3965,3561,404
"완도군","계",3208,3371,-163,3124,3275,-151,3233,3531,-298,3088,3476,-388,3364,3705,-341,2949,3510,-561,2697,3040,-343
"진도군","계",2038,2151,-113,2100,2183,-83,2078,2289,-211,1926,2173,-247,3140,2434,706,2266,2852,-586,2044,2165,-121
"신안군","계",3499,3848,-349,3333,3571,-238,3429,3792,-363,3018,3563,-545,3103,3844,-741,3359,3491,-132,3180,3019,161
"경상북도","계",213718,219317,-5599,210443,217333,-6890,214184,223508,-9324,217277,223883,-6606,230516,247815,-17299,233783,234591,-808,203711,209577,-5866
"포항시","계",35293,38829,-3536,34159,37254,-3095,37089,40447,-3358,36831,39499,-2668,41435,44919,-3484,44622,42051,2571,34285,39008,-4723
"경주시","계",19327,19882,-555,19241,20407,-1166,20253,20930,-677,20048,21123,-1075,20890,22356,-1466,21430,22115,-685,18298,19025,-727
"김천시","계",14059,13516,543,12968,12680,288,11420,12807,-1387,13124,12912,212,12853,13159,-306,12905,12838,67,11554,11588,-34
"안동시","계",14599,14720,-121,14725,15641,-916,14164,16117,-1953,13278,14308,-1030,15838,16440,-602,14107,14747,-640,12413,13084,-671
"구미시","계",36569,38526,-1957,38076,38521,-445,34802,36224,-1422,35802,38404,-2602,37647,40882,-3235,36319,38953,-2634,32938,35611,-2673
"영주시","계",9176,9678,-502,7891,8389,-498,7821,8735,-914,7258,8173,-915,7922,9012,-1090,8267,8554,-287,7873,8094,-221
"영천시","계",8133,7974,159,8642,8249,393,9812,8593,1219,10589,9661,928,10848,10839,9,11461,11126,335,9146,9102,44
"상주시","계",7076,7271,-195,7090,7376,-286,7809,7701,108,9242,8268,974,7808,10264,-2456,8152,8759,-607,7676,7438,238
"문경시","계",5690,6208,-518,5219,5949,-730,5301,5984,-683,6809,6191,618,7057,7367,-310,7818,7513,305,6818,6554,264
"경산시","계",23205,23596,-391,23201,23382,-181,24283,24028,255,24476,24110,366,27285,27119,166,29370,27313,2057,24759,24106,653
"군위군","계",1852,1658,194,1869,1649,220,2061,2061,0,1861,1697,164,1764,2071,-307,1785,1717,68,2087,1405,682
"의성군","계",3166,3190,-24,3083,3071,12,3506,3370,136,3767,3493,274,3735,3896,-161,3373,3440,-67,3448,2931,517
"청송군","계",1787,1727,60,1731,1786,-55,1814,1828,-14,1846,1816,30,1973,2029,-56,1771,1867,-96,1685,1566,119
"영양군","계",1015,1070,-55,907,975,-68,1016,978,38,1010,1122,-112,1025,1112,-87,954,1001,-47,959,981,-22
"영덕군","계",2740,2635,105,2420,2647,-227,2608,2638,-30,2361,2720,-359,2421,2956,-535,2423,2771,-348,2353,2365,-12
"청도군","계",3323,3219,104,3298,3223,75,3468,3439,29,3433,3356,77,3267,3530,-263,3442,3337,105,3214,2900,314
"고령군","계",2314,2470,-156,2283,2422,-139,2182,2607,-425,2146,2420,-274,2287,2864,-577,2186,2500,-314,2303,2135,168
"성주군","계",3762,3417,345,3702,3442,260,3775,3888,-113,3496,3719,-223,3782,4092,-310,3340,3438,-98,3140,2977,163
"칠곡군","계",9683,9562,121,8598,9901,-1303,8451,9868,-1417,8253,9435,-1182,8765,10579,-1814,8863,9216,-353,7871,8361,-490
"예천군","계",3528,2849,679,4438,3088,1350,5585,3816,1769,4781,3885,896,4991,4562,429,4389,4042,347,4359,3845,514
"봉화군","계",2134,2159,-25,2016,2101,-85,2172,2208,-36,1928,2184,-256,2024,2281,-257,1989,2229,-240,1931,1989,-58
"울진군","계",3973,3795,178,3521,3845,-324,3454,3846,-392,3717,4017,-300,3826,4029,-203,3649,3826,-177,3187,3359,-172
"울릉군","계",1314,1366,-52,1365,1335,30,1338,1395,-57,1221,1370,-149,1073,1457,-384,1168,1238,-70,1414,1153,261
"경상남도","계",268490,271636,-3146,264833,270544,-5711,258718,267454,-8736,263060,275261,-12201,275841,293436,-17595,266031,281820,-15789,238201,255741,-17540
"창원시","계",0,0,0,0,0,0,0,0,0,0,0,0,0,0,0,0,0,0,0,0,0
"창원시","계",78620,85377,-6757,77751,85529,-7778,78522,83199,-4677,77539,85350,-7811,86068,93608,-7540,83964,87926,-3962,74050,81381,-7331
"울산시","계",0,0,0,0,0,0,0,0,0,0,0,0,0,0,0,0,0,0,0,0,0
"마산시","계",0,0,0,0,0,0,0,0,0,0,0,0,0,0,0,0,0,0,0,0,0
"진주시","계",30016,29559,457,27748,28432,-684,28640,29807,-1167,30941,30956,-15,33578,33344,234,31239,31471,-232,27837,29662,-1825
"진해시","계",0,0,0,0,0,0,0,0,0,0,0,0,0,0,0,0,0,0,0,0,0
"통영시","계",11416,12251,-835,9907,11465,-1558,10909,12225,-1316,9960,11409,-1449,9872,11785,-1913,9299,10945,-1646,8683,9907,-1224
"사천시","계",9528,9919,-391,9354,9596,-242,9496,9398,98,9117,10001,-884,10769,11156,-387,9557,9998,-441,9544,9303,241
"김해시","계",36655,37893,-1238,39434,39261,173,37430,37637,-207,46650,44146,2504,41952,43739,-1787,40574,44138,-3564,37216,39895,-2679
"밀양시","계",8649,8272,377,7919,8126,-207,7724,8146,-422,8066,8634,-568,9179,9421,-242,8478,8859,-381,8419,8087,332
"거제시","계",25929,26162,-233,23046,26423,-3377,22667,25918,-3251,19997,21790,-1793,21043,23193,-2150,19346,22768,-3422,17033,20340,-3307
"양산시","계",32054,25384,6670,35064,26141,8923,29781,24951,4830,28093,27707,386,29759,29791,-32,30205,29732,473,25019,26029,-1010
"의령군","계",2045,2168,-123,2005,2009,-4,2051,2028,23,1903,2055,-152,2104,2165,-61,2093,2118,-25,1973,1836,137
"함안군","계",5175,5302,-127,4905,5137,-232,4461,5010,-549,4117,4835,-718,4349,5029,-680,4246,4978,-732,3909,4251,-342
"창녕군","계",5713,5436,277,5394,5332,62,5156,5522,-366,4634,5212,-578,5332,5614,-282,5187,5444,-257,3989,4688,-699
"양산군","계",0,0,0,0,0,0,0,0,0,0,0,0,0,0,0,0,0,0,0,0,0
"고성군","계",3472,3815,-343,3355,3640,-285,3413,3714,-301,3337,3719,-382,3402,3808,-406,3506,3718,-212,3798,3240,558
"남해군","계",2640,2906,-266,2675,2743,-68,2647,2804,-157,2908,2820,88,2831,3061,-230,2837,3059,-222,2684,2745,-61
"하동군","계",4302,4542,-240,4049,4358,-309,3411,4166,-755,3698,4189,-491,3144,4178,-1034,2916,3627,-711,2704,3025,-321
"산청군","계",2854,2653,201,3089,2732,357,2763,2861,-98,2699,2869,-170,2882,3021,-139,2774,2785,-11,2513,2350,163
"함양군","계",2761,2631,130,2975,2720,255,3167,3032,135,2814,2882,-68,2724,2913,-189,2741,2942,-201,2417,2478,-61
"거창군","계",3415,3534,-119,3137,3437,-300,3608,3731,-123,3801,3738,63,3933,4109,-176,4112,4128,-16,3683,3792,-109
"합천군","계",3246,3832,-586,3026,3463,-437,2872,3305,-433,2786,2949,-163,2920,3501,-581,2957,3184,-227,2730,2732,-2
"제주특별자치도","계",68545,58790,9755,69621,60342,9279,69953,64327,5626,65846,64279,1567,69060,67721,1339,66976,65388,1588,62569,61002,1567
"제주시","계",49469,43508,5961,47883,43291,4592,50278,46561,3717,47453,45832,1621,50014,48743,1271,47431,46882,549,44312,43680,632
"서귀포시","계",19076,15282,3794,21738,17051,4687,19675,17766,1909,18393,18447,-54,19046,18978,68,19545,18506,1039,18257,17322,935
"북제주군","계",0,0,0,0,0,0,0,0,0,0,0,0,0,0,0,0,0,0,0,0,0
"남제주군","계",0,0,0,0,0,0,0,0,0,0,0,0,0,0,0,0,0,0,0,0,0
